{
    "Essentials": true,
    "Accounting": true,
    "AssetManagement": true,
    "Cms": true,
    "Connector": true,
    "Crm": true,
    "Ecommerce": true,
    "FieldForce": true,
    "Manufacturing": true,
    "ProductCatalogue": true,
    "Project": true,
    "Repair": true,
    "Spreadsheet": true,
    "Superadmin": true,
    "Woocommerce": true,
    "AiAssistance": true,
    "Hms": true,
    "InboxReport": true,
    "CustomDashboard": false,
    "Gym": true,
    "ZatcaIntegrationKsa": true
}